id,class
100080576_f52e8ee070_n,0
1008566138_6927679c8a,3
100930342_92e8746431_n,4
1022552002_2b93faf9e7_n,3
1022552036_67d33d5bd8_n,3
102501987_3cdb8e5394_n,2
102841525_bd6628ae3c,0
1031799732_e7f4008c03,0
1043442695_4556c4c13d_n,3
1044296388_912143e1d4,3
10443973_aeb97513fc_m,1
105806915_a9c13e2106_n,0
1064662314_c5a7891b9f_m,3
10683189_bd6e371b97,1
1074999133_1e4a1e042e,1
107592979_aaa9cdfe78_m,0
107693873_86021ac4ea_n,4
10791227_7168491604,4
1080179756_5f05350a59,1
10919961_0af657c4e8,1
110147301_ad921e2828,2
110472418_87b6a3aa98_m,2
112334842_3ecf7585dd,4
112428665_d8f3632f36_n,4
112428919_f0c5ad7d9d_n,4
112650879_82adc2cc04_n,4
112651128_7b5d39a346_m,4
112951022_4892b1348b_n,4
112951086_150a59d499_n,4
113291410_1bdc718ed8_n,4
113902743_8f537f769b_n,4
113960470_38fab8f2fb_m,4
1140299375_3aa7024466,0
11405573_24a8a838cc_n,1
1150395827_6f94a5c6e4_n,0
11545123_50a340b473_m,1
116343334_9cb4acdc57_n,4
11642632_1e7627a2cc,0
11746080_963537acdc,4
11746276_de3dec8201,4
11746367_d23a35b085_n,2
11746452_5bc1749a36,4
11746548_26b3256922_n,4
118974357_0faa23cce9_n,2
1217254584_4b3028b93d,3
12240303_80d87f77a3_n,2
122450705_9885fff3c4_n,2
123128873_546b8b7355_n,2
1240624822_4111dde542,3
1240625276_fb3bd0c7b1,3
1240626292_52cd5d7fb1_m,3
1244774242_25a20d99a9,3
126012913_edf771c564_n,1
1265350143_6e2b276ec9,0
1267876087_a1b3c63dc9,2
127192624_afa3d9cb84,3
1285423653_18926dc2c8_n,0
1286274236_1d7ac84efb_n,3
129019877_8eea2978ca_m,0
1297092593_e573c0a3d6,3
1299501272_59d9da5510_n,0
1306119996_ab8ae14d72_n,0
130685040_3c2fcec63e_n,4
130685347_afbffe3afa_n,4
130733200_fbe28eea19,1
1314069875_da8dc023c6_m,0
1314584013_fe935fdeb1_n,3
132538272_63658146d9_n,4
132538273_335240fe5b_n,4
13290033_ebd7c7abba_n,1
133692329_c1150ed811_n,4
133858239_3eaa8a91fd_n,4
133960364_d87f883c15_n,4
134143359_71fa8dd9a4,4
1342002397_9503c97b49,0
134409839_71069a95d1_m,0
1344985627_c3115e2d71_n,0
1353748522_b9c630b162,4
1354396826_2868631432_m,0
1355787476_32e9f2a30b,2
135994133_4f306fe4bf_n,4
136011860_44ca0b2835_n,1
136999986_e410a68efb_n,1
137126311_debe64c6a8_n,4
1374193928_a52320eafa,2
1379256773_bb2eb0d95b_n,3
138132145_782763b84f_m,1
138166590_47c6cb9dd0,1
139124974_9e3ba69f6c,1
13920113_f03e867ea7_m,1
1392131677_116ec04751,0
1392579828_ab5a139052,2
1392946544_115acbb2d9,0
1396526833_fb867165be_n,0
1402130395_0b89d76029,2
140951103_69847c0b7c,1
141340262_ca2e576490,1
141652526_2be95f21c3_n,1
141935731_d26d600f4f_m,1
1419608016_707b887337_n,3
142218310_d06005030a_n,4
142235017_07816937c6,4
142235237_da662d925c,4
142235914_5419ff8a4a,1
142390525_5d81a3659d_m,1
142813254_20a7fd5fb6_n,1
14283011_3e7452c5b2_n,1
144040769_c5b805f868,1
144076848_57e1d662e3_m,0
144099102_bf63a41e4f_n,0
1441939151_b271408c8d_n,0
1445228333_59a07e0801,2
144603918_b9de002f60_m,4
1446090416_f0cad5fde4,2
1446097778_97149b8362,2
144686365_d7e96941ee_n,1
145173479_7d04346c20,1
145303599_2627e23815_n,3
145862135_ab710de93c_n,2
146023167_f905574d97_m,1
1461381091_aaaa663bbe_n,2
146242691_44d9c9d6ce_n,4
146884869_b1a8fa9c4e_n,4
1469726748_f359f4a8c5,2
147068564_32bb4350cc,0
147804446_ef9244c8ce_m,3
148180650_19a4b410db,1
14829055_2a2e646a8f_m,1
1484598527_579a272f53,0
1485142251_ca89254442,2
1485456230_58d8e45e88,3
148698493_5710e5f472,1
14957470_6a8c272a87_m,4
149782934_21adaf4a21,1
151385301_153eacf6b5_n,1
151385302_f8980a257f_n,1
151861297_55b10a03a6_n,1
151898652_b5f1c70b98_n,3
151979452_9832f08b69,1
15207766_fc2f1d692c_n,0
153210866_03cc9f2f36,0
1540738662_7b4152e344_m,2
154332674_453cea64f4,0
155097272_70feb13184,4
155646858_9a8b5e8fc8,1
1562198683_8cd8cb5876_n,2
158869618_f1a6704236_n,0
158988663_6fe055fcb4,1
159079265_d77a9ac920_n,2
1596293240_2d5b53495a_m,3
15987457_49dc11bf4b,1
16041975_2f6c1596e5,1
160456948_38c3817c6a_m,1
160954292_6c2b4fda65_n,2
16159487_3a6615a565_n,1
162362896_99c7d851c8_n,0
162362897_1d21b70621_m,0
163702807_e508544acd_n,1
163978992_8128b49d3e_n,0
1645761726_2b1be95472,4
164578909_51f245d3fa_n,2
164668737_aeab0cb55e_n,0
164670176_9f5b9c7965,3
164670455_29d8e02bbd_n,3
164671753_ab36d9cbb7_n,3
164672339_f2b5b164f6,3
1666341535_99c6f7509f_n,2
1667199972_7ba7d999c1_m,4
169371301_d9b91a2a42,0
16987075_9a690a2183,1
1715303025_e7065327e2,3
171972704_389cf7a953,0
172311368_49412f881b,2
172882635_4cc7b86731_m,0
174109630_3c544b8a2f,2
174131220_c853df1287,0
175106495_53ebdef092_n,0
175638423_058c07afb9,3
175686816_067a8cb4c5,4
1756973583_4aac7df00d_m,2
1757822526_fe30b9b3ca_m,2
176284193_8fa1710431_m,1
176375506_201859bb92_m,0
176458518_f81d4bff8e,4
1775233884_12ff5a124f,2
177851662_b2622b4238_n,1
1788133737_b1133d1aa7,3
1788484468_f73afa6c32_n,2
1793211631_68c31a74dc,2
1801614110_bb9fa46830,2
181007802_7cab5ee78e_n,0
1813435848_7852708394_n,2
1831404161_d2df86fd70,2
184682095_46f8607278,3
184682320_73ccf74710,3
184682506_8a9b8c662d,3
184682652_c927a49226_m,3
184682920_97ae41ce60_m,3
184683023_737fec5b18,3
1879567877_8ed2a5faa7_n,0
1880606744_23e3dc4f6b_n,3
193874852_fb633d8d00_n,3
193878348_43571127b9_n,3
1949195327_75f76c12b1,2
1955336401_fbb206d6ef_n,0
197011740_21825de2bf,3
200011914_93f57ed68b,3
2001380507_19488ff96a_n,0
200288046_0032f322ff_n,3
200557977_bf24d9550b,3
200557979_a16112aac1_n,3
200557981_f800fa1af9,3
200557983_10a88672fc,3
201809908_0ef84bb351,3
2019064575_7656b9340f_m,0
2045022175_ad087f5f60_n,2
2053476785_c162a3e358,2
2057816617_18448093d0_n,0
2059172936_032ffc12aa,2
2065522422_cfdd80044a_n,2
2067882323_8de6623ffd,3
2087981909_fd468de5c4_n,4
2093263381_afd51358a3,2
210076535_80951bc5d5,3
2122401867_cd86c5f114_n,2
212720516_df4965ebda_n,4
2141413229_3f0425f972_n,2
215798352_184d8040d1,3
215798354_429de28c2d,3
215798357_3f4bfa27b7,3
21652746_cc379e0eea_m,0
218630974_5646dafc63_m,4
2197754124_5c8a146761_n,2
2215318403_06eb99176a,2
2220085701_896054d263_n,4
2229804138_db9cba3443_n,4
2232289392_9a79a0c5cb_n,4
2243427551_809b603992_z,4
2249756775_02e693beda_n,4
2254152047_d3bf8903cd_n,4
2256214682_130c01d9d9,4
2256230386_08b54ca760,4
2258973326_03c0145f15_n,2
2265390547_2409007cef_n,2
2265579414_2e00a8f265_n,2
22679076_bdb4c24401_m,2
2271507463_15c48d41c4_n,4
2272006181_785f1be94f_n,4
2273917656_6d6c038283,2
2280950463_86510c2789_n,4
2294116183_a30d2aa2c1_m,4
229488796_21ac6ee16d_n,2
2307673262_e1e1aefd29,3
2322670828_34115a7050,4
2325232198_751645d0bb_n,2
2328600790_90e2942557_n,3
2331651885_619653a5d3,2
2332478138_28f1d586e4_n,2
2333321040_3960b9d67e_n,4
2336919121_851ebc4754,4
2344751399_71620039f2_n,4
2347579838_dd6d2aaefc_n,2
2351637471_5dd34fd3ac_n,4
235651658_a7b3e7cbdd,3
2361075034_cf730b8682,4
2374855021_21959b40c0_n,4
2392457180_f02dab5c65,2
2399982682_16929d1f6d_n,4
2402342888_dd65677013,4
2412250315_a04171da51_n,4
2414954629_3708a1a04d,2
2418823693_72eec80f42_n,4
2421740440_f82ced8582,4
2423565102_2f1a00bb1b_n,2
2425067141_b27043a800_m,4
2425164088_4a5d2cdf21_n,3
244074259_47ce6d3ef9,3
2442985637_8748180f69,3
2443095419_17b920d155_m,3
2443921986_d4582c123a,3
24459548_27a783feda,3
24459750_eb49f6e4cb_m,3
2471103806_87ba53d997_n,2
2491600761_7e9d6776e8_m,2
2501297526_cbd66a3f7e_m,2
251811158_75fa3034ff,4
2535466143_5823e48b63,4
2535466393_6556afeb2f_m,4
2535495431_e6f950443c,2
253586685_ee5b5f5232,3
25360380_1a881a5648,0
253622055_d72964a7fd_n,1
2536282942_b5ca27577e,4
2550860627_998a4fc4c1,2
2575272111_f04d79b9af_n,3
2588234269_c4bfd0d8b9_n,3
2588453601_66f2a03cca_n,3
2598973480_07de93e91d_n,3
2619000556_6634478e64_n,3
26254755_1bfc494ef1_n,3
265422922_bbbde781d2_m,3
265450085_6e9f276e2e,3
272481307_1eb47ba3e0_n,2
27465811_9477c9d044,3
27466794_57e4fe5656,3
274846229_990e976683_n,3
274848710_5185cf33b1_n,3
284497199_93a01f48f6,1
284497233_c19801752c,1
286875003_f7c0e1882d,0
287233531_74d4605814_m,3
294451721_5106537b34,0
295257304_de893fc94d,2
298670754_f25edda891,2
299129811_d6ebda9970,0
29972905_4cc537ff4b_n,3
301964511_fab84ea1c1,0
302782756_d35cb3e468,0
303858799_942b9c09e7_m,4
305160642_53cde0f44f,0
310380634_60e6c79989,3
315645471_dda66c6338_m,1
319298955_0c72bd36bf,2
323872063_7264e7e018_m,2
326541992_d542103ca8_n,4
32724693914_282ccc4f92_n,2
340190928_d77bf4d615,1
344318990_7be3fb0a7d,1
353897245_5453f35a8e,2
35477171_13cb52115c_n,3
367020749_3c9a652d75,0
38287568_627de6ca20,4
388405293_4db1d71f21_n,2
391477275_7c2f50a1a7_m,4
39271782_b4335d09ae_n,3
394990940_7af082cf8d_n,2
402525114_eaa60c8341_m,4
40410686_272bc66faf_m,3
40410814_fba3837226_n,3
40410963_3ac280f23a_n,3
40411019_526f3fc8d9_m,3
40411100_7fbe10ec0f_n,3
405035580_94b793e71d,4
410421672_563550467c,2
410425647_4586667858,2
413815348_764ae83088,0
417251603_69f0ee57a9_m,3
418056361_1dfac1c151_n,3
420216121_3ee33723d7_m,4
422094774_28acc69a8b_n,0
425800274_27dba84fac_n,1
430785322_7ddef64c68_m,4
434146736_310a42d9cb_m,4
43474673_7bb4465a86,0
435283392_72e4c5b5d6_m,0
437859108_173fb33c98,0
440714501_9f8268e1b0,4
44079668_34dfee3da1_n,3
443600168_cb08d56511,4
444963906_e41492b692,4
446484749_4044affcaf_n,0
450128527_fd35742d44,0
45045003_30bbd0a142_m,3
45045005_57354ee844,3
450607536_4fd9f5d17c_m,4
451965300_619b781dc9_m,1
455728598_c5f3e7fc71_m,1
458011386_ec89115a19,1
459042023_6273adc312_n,2
459633569_5ddf6bc116_m,1
459748276_69101b0cec_n,1
461632542_0387557eff,1
463736819_f779800165,1
466409031_4c10294db5_m,4
466486216_ab13b55763,2
467702445_b8676f60fb_n,4
468749497_951c571eff_n,1
471298577_cc7558bcf1,4
475936554_a2b38aaa8e,1
475947979_554062a608_m,4
476856232_7c35952f40_n,0
476857510_d2b30175de_n,0
477207005_6327db8393_m,1
477316928_a70a31a704_m,1
478765271_6a8ca1cfa1_m,4
478851599_25bfd70605_n,1
479115838_0771a6cdff,1
479495978_ee22cf05be,1
480228053_513791d474,4
480621885_4c8b50fa11_m,1
483097906_2c35054346,1
483444865_65962cea07_m,2
483880052_19fdb26a9f,4
485266837_671def8627,4
485415743_eeb5d7c1a5,4
486234138_688e01aa9b_n,1
488202750_c420cbce61,0
488849503_63a290a8c2_m,2
489506904_9b68ba211c,4
490541142_c37e2b4191_n,4
493696003_f93ffb3abd_n,1
494108764_e00178af6e,1
494803274_f84f21d53a,2
495098110_3a4bb30042_n,0
497305666_b5d4348826_n,4
498159452_b71afd65ba,0
501987276_744448580c_m,1
501987288_c69c4e0c90_m,0
503770507_f397245a6a,4
505517255_cfbb6f6394,2
506018088_4f7a15a7c5_n,0
506348009_9ecff8b6ef,0
506659320_6fac46551e,1
506660896_c903cca1f0,1
509239741_28e2cfe492_m,2
50987813_7484bfbcdf,3
510677438_73e4b91c95_m,1
510698601_9f61d6f8d8,4
510844526_858b8fe4db,0
510874382_f7e3435043,1
510897767_918260db93,1
512177035_70afc925c8,0
512477177_d9004cbcf1_n,0
512578026_f6e6f2ad26,2
512694812_48ba9c0b49_n,2
515112668_a49c69455a,0
515121050_dcb99890be,2
515143813_b3afb08bf9,1
517054463_036db655a1_m,0
518256494_368a72db37,4
519880292_7a3a6c6b69,0
520752848_4b87fb91a4,0
521762040_f26f2e08dd,0
525271784_013ddccd1b_m,0
525780443_bba812c26a_m,0
527513005_41497ca4dc,2
530738000_4df7e4786b,3
534228982_4afbcece9b_m,2
534547364_3f6b7279d2_n,0
537207677_f96a0507bb,2
537625768_791e973b40,2
538920244_59899a78f8_n,0
54377391_15648e8d18,0
5547758_eea9edfd54_n,0
563847503_89e9756c80,2
5673551_01d1ea993e_n,0
5673728_71b8cb57eb,3
568715474_bdb64ccc32,2
570127230_ce409f90f8_n,1
578938011_34918b1468,2
5794835_d15905c7c8_n,0
5794839_200acd910c_n,0
58636535_bc53ef0a21_m,3
61242541_a04395e6bc,1
62293290_2c463891ff_m,2
645330051_06b192b7e1,1
65347450_53658c63bd_n,4
674407101_57676c40fb,1
676120388_28f03069c3,0
678714585_addc9aaaef,3
685724528_6cd5cbe203,2
6953297_8576bf4ea3,3
695778683_890c46ebac,0
705422469_ffa28c566d,0
721595842_bacd80a6ac,0
7355522_b66e5d3078_m,1
738207467_fc59cfcd9b_z,4
751941983_58e1ae3957_m,1
754248840_95092de274,1
754296579_30a9ae018c_n,0
779359602_30abcbf5bb_n,4
799952628_bf836677fa_n,0
808239968_318722e4db,4
80846315_d997645bea_n,1
813445367_187ecf080a_n,0
8181477_8cb77d2e0f_n,3
821368661_4ab4343f5a,3
8223949_2928d3f6f6_n,1
8223968_6b51555d2f_n,1
8475758_4c861ab268_m,1
8475769_3dea463364_m,1
850416050_31b3ff7086,2
854593001_c57939125f_n,1
857698097_8068a2c135_n,3
864957037_c75373d1c5,3
8684108_a85764b22d_n,3
873660804_37f5c6a46e_n,2
877083343_e3338c4125,3
898102603_2d5152f09a,2
909277823_e6fb8cb5c8_n,2
909609509_a05ccb8127,0
921138131_9e1393eb2b_m,2
921252114_91e334b950,1
921984328_a60076f070_m,2
924782410_94ed7913ca_m,4
969913643_9d5cd2fe45_m,3
9818247_e2eac18894,4
98992760_53ed1d26a9,1
99306615_739eb94b9e_m,0
99383371_37a5ac12a3_n,2
